<DTYYYYMMDD>,Date value,<FIRST>,<HIGH>,<LOW>,Close,<VALUE>,<VOL>,<OPENINT>,<PER>,<OPEN>,<LAST>
20160113,1,1650,1650,1650,1650,2.5575E+11,155000000,12036,D,1000,1650
20160116,2,1732,1732,1732,1732,979383648,565464,205,D,1650,1732
20160117,3,1818,1818,1770,1817,1.56102E+11,85914186,16095,D,1732,1818
20160118,4,1809,1845,1770,1809,70145901409,38770612,8713,D,1817,1818
20160131,5,1765,1765,1696,1735,55633317760,32058478,3189,D,1609,1735
20160201,6,1766,1821,1742,1796,27942015636,15561908,1803,D,1735,1821
20160202,7,1885,1885,1821,1882,62540165268,33228212,2510,D,1796,1885
20160203,8,1890,1976,1823,1915,33491809671,17489455,1906,D,1882,1900
20160206,9,1910,1975,1909,1940,13690556354,7057890,903,D,1915,1914
20160207,10,1923,1960,1881,1912,31525638714,16490114,1776,D,1940,1899
20160208,11,1880,1900,1817,1868,19269312919,10317581,1498,D,1912,1817
20160209,12,1851,1940,1789,1865,29619922130,15879735,1815,D,1868,1800
20160210,13,1839,1861,1777,1804,14679564638,8139191,852,D,1865,1779
20160213,14,1769,1780,1714,1729,12072249500,6982025,894,D,1804,1731
20160214,15,1735,1772,1715,1741,8398591363,4823010,531,D,1729,1750
20160215,16,1740,1790,1740,1758,7796062141,4435636,511,D,1741,1758
20160216,17,1741,1760,1731,1746,10795562095,6184050,637,D,1758,1750
20160217,18,1750,1817,1730,1753,8471812969,4832185,596,D,1746,1744
20160220,19,1759,1784,1737,1749,7395213551,4228734,432,D,1753,1740
20160221,20,1774,1779,1726,1745,4396349236,2519561,304,D,1749,1726
20160222,21,1730,1760,1725,1745,4300363099,2465005,282,D,1745,1750
20160223,22,1750,1750,1698,1725,8987379543,5211163,467,D,1745,1702
20160224,23,1701,1733,1700,1717,1370402738,798062,182,D,1725,1727
20160227,24,1730,1751,1705,1726,2081195039,1205448,203,D,1717,1706
20160228,25,1713,1740,1682,1703,6073940327,3566626,518,D,1726,1690
20160229,26,1690,1691,1660,1679,2994683717,1783895,292,D,1703,1670
20160301,27,1681,1688,1661,1673,2693274267,1609830,245,D,1679,1675
20160302,28,1680,1680,1641,1660,3601166181,2169774,271,D,1673,1642
20160305,29,1685,1743,1670,1731,9350821570,5401609,488,D,1660,1737
20160306,30,1750,1750,1670,1689,4218089813,2497007,231,D,1731,1700
20160307,31,1672,1720,1650,1669,3185149325,1908437,241,D,1689,1653
20160308,32,1652,1687,1604,1633,4618485907,2828476,340,D,1669,1620
20160309,33,1650,1650,1601,1609,2163459374,1344610,196,D,1633,1612
20160312,34,1606,1620,1604,1611,3373888032,2094105,247,D,1609,1611
20160314,35,1649,1650,1600,1611,3930804127,2440275,288,D,1611,1605
20160315,36,1645,1645,1577,1598,3664814826,2294040,259,D,1611,1593
20160316,37,1583,1594,1519,1540,4632060373,3007759,371,D,1598,1557
20160326,38,1525,1614,1521,1568,1407369038,897792,140,D,1540,1580
20160327,39,1581,1594,1559,1576,982015835,623137,67,D,1568,1578
20160328,40,1577,1617,1566,1572,872316937,555034,72,D,1576,1567
20160329,41,1595,1596,1530,1560,1753092211,1123578,119,D,1572,1568
20160330,42,1575,1590,1542,1578,1650383561,1045801,129,D,1560,1585
20160402,43,1585,1656,1504,1599,3281300384,2052328,238,D,1578,1571
20160403,44,1571,1573,1540,1554,1780475396,1145897,131,D,1599,1555
20160404,45,1540,1610,1532,1577,1010609952,640996,91,D,1554,1599
20160405,46,1557,1654,1557,1627,2965377517,1823158,251,D,1577,1650
20160406,47,1650,1708,1621,1704,13021590542,7640857,638,D,1627,1691
20160409,48,1697,1760,1656,1728,4520692714,2615665,322,D,1704,1671
20160410,49,1655,1681,1642,1650,4951673338,3001079,279,D,1728,1643
20160411,50,1660,1732,1656,1728,10399906535,6017683,467,D,1650,1732
20160412,51,1748,1788,1682,1729,3655384847,2113911,234,D,1728,1686
20160413,52,1719,1719,1643,1650,2582903303,1565560,138,D,1729,1650
20160416,53,1624,1626,1568,1573,5938781882,3774900,281,D,1650,1573
20160417,54,1551,1629,1540,1602,1359554170,848796,120,D,1573,1600
20160418,55,1611,1650,1600,1617,1575490906,974614,115,D,1602,1626
20160419,56,1578,1640,1578,1604,753223697,469581,51,D,1617,1603
20160420,57,1630,1630,1582,1598,697183519,436196,63,D,1604,1600
20160423,58,1635,1635,1562,1588,1518229291,955794,83,D,1598,1611
20160424,59,1623,1650,1602,1639,1363514683,831768,113,D,1588,1635
20160425,60,1650,1674,1593,1621,2149943867,1326059,163,D,1639,1629
20160426,61,1601,1650,1601,1629,2878726281,1767385,133,D,1621,1630
20160427,62,1648,1648,1611,1625,746449859,459332,77,D,1629,1616
20160430,63,1601,1645,1571,1604,925366122,576865,65,D,1625,1605
20160501,64,1593,1675,1593,1647,2642858941,1604525,204,D,1604,1627
20160502,65,1675,1684,1619,1651,1212953010,734900,116,D,1647,1621
20160503,66,1606,1642,1594,1604,866634216,540311,84,D,1651,1594
20160504,67,1592,1592,1575,1582,1054044061,666240,81,D,1604,1580
20160507,68,1581,1585,1553,1571,738505477,470225,45,D,1582,1553
20160508,69,1551,1551,1530,1541,608662274,394949,94,D,1571,1533
20160509,70,1555,1618,1555,1605,422062470,262922,49,D,1541,1580
20160510,71,1600,1606,1535,1549,1166099120,752744,70,D,1605,1558
20160511,72,1540,1557,1529,1534,1444253049,941558,79,D,1549,1540
20160514,73,1559,1597,1534,1546,821762315,531597,66,D,1534,1549
20160515,74,1541,1589,1525,1552,850409826,547969,104,D,1546,1525
20160516,75,1540,1551,1535,1542,981672895,636450,56,D,1552,1540
20160517,76,1531,1615,1530,1582,1533995925,969962,190,D,1542,1610
20160518,77,1612,1613,1580,1593,740659487,464912,75,D,1582,1600
20160521,78,1608,1608,1541,1556,1324997302,851803,77,D,1593,1561
20160523,79,1595,1597,1545,1560,1017250158,652273,53,D,1556,1560
20160524,80,1551,1577,1531,1557,730626048,469384,71,D,1560,1535
20160525,81,1542,1565,1542,1552,1003901713,646885,76,D,1557,1565
20160528,82,1540,1552,1540,1549,728666295,470420,62,D,1552,1548
20160529,83,1560,1565,1536,1547,2918861043,1886265,136,D,1549,1539
20160530,84,1538,1549,1535,1539,1006912738,654061,60,D,1547,1540
20160531,85,1536,1550,1536,1540,726287906,471579,56,D,1539,1539
20160601,86,1540,1545,1521,1534,954053253,621846,78,D,1540,1533
20160605,87,1525,1530,1501,1516,1335959641,881359,141,D,1534,1518
20160606,88,1516,1554,1511,1521,903766006,594066,75,D,1516,1520
20160607,89,1528,1528,1507,1517,877252123,578453,64,D,1521,1510
20160608,90,1508,1518,1500,1504,1134123575,754044,109,D,1517,1518
20160611,91,1506,1510,1492,1499,1171919060,781669,69,D,1504,1495
20160612,92,1471,1500,1471,1487,200575834,134927,36,D,1499,1490
20160613,93,1500,1527,1450,1491,1757291523,1178708,100,D,1487,1500
20160614,94,1452,1500,1450,1458,1417811676,972197,85,D,1491,1450
20160615,95,1494,1497,1456,1480,291673648,197126,37,D,1458,1460
20160618,96,1496,1497,1457,1480,1780364332,1203118,102,D,1480,1471
20160619,97,1485,1485,1454,1457,118541489,81337,36,D,1480,1457
20160620,98,1431,1461,1426,1448,967797140,668387,83,D,1457,1440
20160621,99,1451,1486,1449,1454,93321869,64200,12,D,1448,1450
20160622,100,1451,1526,1451,1523,1624763527,1066819,75,D,1454,1526
20160625,101,1475,1510,1475,1480,342867549,231630,40,D,1523,1479
20160626,102,1509,1509,1490,1497,130728839,87313,24,D,1480,1490
20160628,103,1509,1515,1483,1506,197439284,131084,23,D,1497,1498
20160629,104,1536,1539,1500,1510,233711086,154778,25,D,1506,1500
20160702,105,1523,1523,1462,1471,90155568,61301,11,D,1510,1476
20160703,106,1510,1520,1470,1479,368782954,249287,44,D,1471,1481
20160704,107,1479,1480,1456,1464,89668658,61231,13,D,1479,1470
20160705,108,1509,1537,1509,1533,629066345,410459,42,D,1464,1537
20160709,109,1537,1579,1500,1539,2051612376,1332664,111,D,1533,1536
20160710,110,1539,1539,1463,1480,274244219,185311,53,D,1539,1481
20160711,111,1519,1519,1467,1475,371853986,252031,27,D,1480,1467
20160712,112,1461,1510,1442,1459,649937185,445454,52,D,1475,1451
20160713,113,1431,1444,1420,1430,2626047643,1836217,147,D,1459,1426
20160716,114,1406,1412,1403,1408,321572113,228317,42,D,1430,1410
20160717,115,1401,1435,1401,1428,91983025,64419,17,D,1408,1435
20160718,116,1449,1499,1433,1489,652954807,438658,67,D,1428,1465
20160719,117,1459,1513,1452,1465,128301049,87604,15,D,1489,1454
20160720,118,1508,1520,1477,1506,328120007,217906,51,D,1465,1477
20160723,119,1477,1496,1461,1472,44086772,29949,12,D,1506,1466
20160724,120,1463,1541,1450,1527,1627363869,1065424,195,D,1472,1537
20160725,121,1568,1600,1510,1570,1175792030,748844,143,D,1527,1580
20160726,122,1592,1608,1533,1580,2154270689,1363525,172,D,1570,1576
20160727,123,1576,1576,1520,1537,268338032,174621,36,D,1580,1521
20160731,124,1513,1514,1510,1512,204304843,135113,31,D,1537,1511
20160801,125,1490,1499,1470,1488,133068405,89437,21,D,1512,1471
20160802,126,1495,1518,1481,1501,176147381,117317,35,D,1488,1518
20160803,127,1518,1540,1484,1493,82692651,55401,8,D,1501,1497
20160806,128,1496,1527,1474,1490,116322752,78061,19,D,1493,1518
20160807,129,1509,1543,1509,1523,341868371,224514,51,D,1490,1525
20160808,130,1541,1541,1490,1499,176102500,117486,21,D,1523,1498
20160809,131,1481,1529,1481,1490,398330627,267261,44,D,1499,1500
20160810,132,1500,1509,1430,1466,987014441,673351,68,D,1490,1476
20160813,133,1450,1500,1450,1464,81494310,55665,23,D,1466,1460
20160814,134,1461,1490,1461,1470,239846092,163180,40,D,1464,1471
20160815,135,1460,1461,1437,1449,773875036,534107,70,D,1470,1442
20160816,136,1438,1499,1438,1473,955579660,648842,125,D,1449,1448
20160827,137,1510,1510,1477,1499,109509926,73043,17,D,1473,1500
20160828,138,1499,1499,1444,1456,234522948,161094,36,D,1499,1453
20160829,139,1484,1489,1442,1472,300775234,204350,57,D,1456,1451
20160830,140,1488,1488,1450,1453,199812912,137479,32,D,1472,1469
20160831,141,1451,1489,1430,1443,445142167,308557,61,D,1453,1450
20160903,142,1439,1470,1430,1435,65580169,45707,19,D,1443,1431
20160904,143,1430,1445,1430,1434,68495496,47780,31,D,1435,1445
20160905,144,1436,1450,1413,1427,395021706,276783,65,D,1434,1413
20160906,145,1431,1431,1419,1424,326801853,229520,75,D,1427,1421
20160907,146,1427,1468,1425,1450,277275599,191213,42,D,1424,1450
20160910,147,1468,1519,1430,1485,1214205522,817854,139,D,1450,1507
20160911,148,1543,1559,1529,1558,3828553517,2457427,302,D,1485,1559
20160913,149,1587,1635,1564,1631,10020430681,6142349,587,D,1558,1635
20160914,150,1639,1670,1575,1604,1663699865,1037326,176,D,1631,1670
20160917,151,1659,1684,1580,1671,8922467451,5340789,564,D,1604,1684
20160918,152,1648,1707,1648,1686,914660127,542621,95,D,1671,1690
20160919,153,1689,1724,1610,1691,2695544358,1593949,240,D,1686,1623
20160921,154,1670,1700,1611,1681,1403702154,835059,158,D,1691,1679
20160924,155,1623,1694,1620,1667,2186726259,1311879,131,D,1681,1668
20160925,156,1631,1671,1587,1613,913499800,566272,66,D,1667,1671
20160926,157,1645,1650,1552,1605,1361797568,848586,149,D,1613,1600
20160927,158,1640,1640,1568,1588,769350914,484625,80,D,1605,1600
20160928,159,1559,1639,1559,1600,792793837,495573,77,D,1588,1620
20161001,160,1638,1638,1581,1604,222936196,138984,22,D,1600,1628
20161002,161,1610,1629,1581,1608,846758471,526557,48,D,1604,1623
20161003,162,1600,1670,1600,1635,1602236234,980256,125,D,1608,1612
20161004,163,1676,1676,1554,1576,2005764799,1272712,119,D,1635,1607
20161106,164,1533,1533,1406,1461,1461203696,1000306,75,D,1419,1453
20161107,165,1413,1462,1403,1415,581982099,411194,82,D,1461,1409
20161108,166,1433,1485,1416,1475,2678932361,1816616,178,D,1415,1485
20161109,167,1440,1547,1440,1500,2141319282,1427284,181,D,1475,1540
20161112,168,1530,1555,1499,1507,4790015882,3179500,345,D,1500,1500
20161113,169,1550,1550,1460,1487,202301111,136066,35,D,1507,1500
20161114,170,1485,1525,1437,1490,335069754,224866,53,D,1487,1500
20161115,171,1476,1510,1476,1485,645915779,434826,66,D,1490,1481
20161116,172,1499,1507,1465,1478,2786699052,1885835,152,D,1485,1470
20161119,173,1492,1492,1485,1485,2961845440,1994504,56,D,1478,1485
20161121,174,1450,1508,1450,1479,143232372,96813,33,D,1485,1498
20161122,175,1490,1490,1460,1462,235641015,161167,18,D,1479,1460
20161123,176,1450,1495,1420,1456,520182776,357168,65,D,1462,1485
20161126,177,1470,1481,1435,1465,521942272,356165,48,D,1456,1460
20161127,178,1475,1482,1445,1453,1538430361,1058574,91,D,1465,1450
20161129,179,1455,1467,1442,1448,23440724,16193,7,D,1453,1442
20161203,180,1440,1440,1386,1416,266488291,188211,45,D,1448,1419
20161204,181,1410,1474,1391,1452,1000534598,689180,108,D,1416,1468
20161205,182,1452,1500,1452,1496,680126043,454725,58,D,1452,1485
20161206,183,1489,1500,1441,1493,1026500554,687663,107,D,1496,1458
20161207,184,1480,1567,1452,1541,34868234096,22632408,1614,D,1493,1567
20161210,185,1537,1558,1486,1510,694660734,460043,41,D,1541,1486
20161211,186,1471,1499,1450,1457,280219280,192390,19,D,1510,1499
20161212,187,1461,1517,1461,1491,150209318,100733,20,D,1457,1475
20161213,188,1491,1517,1450,1473,366796197,248981,29,D,1491,1450
20161214,189,1459,1471,1411,1433,355459808,248013,42,D,1473,1434
20161218,190,1478,1478,1431,1458,8870808,6086,4,D,1433,1468
20161219,191,1410,1447,1386,1392,4663817570,3349249,231,D,1458,1424
20161220,192,1433,1433,1402,1415,440768723,311426,38,D,1392,1402
20161221,193,1440,1440,1391,1416,779367705,550557,86,D,1415,1430
20161224,194,1403,1437,1393,1410,316924416,224803,35,D,1416,1436
20161225,195,1466,1466,1390,1428,1566407147,1096985,64,D,1410,1435
20161226,196,1452,1452,1360,1404,1174423522,836437,67,D,1428,1429
20161227,197,1400,1430,1400,1409,204083710,144833,21,D,1404,1429
20161228,198,1440,1440,1400,1412,156472516,110800,19,D,1409,1428
20161231,199,1420,1428,1400,1419,101456684,71503,11,D,1412,1400
20170101,200,1439,1439,1410,1421,92017644,64766,15,D,1419,1434
20170102,201,1400,1430,1400,1403,186671785,133034,18,D,1421,1430
20170103,202,1400,1429,1390,1400,53087480,37911,17,D,1403,1410
20170104,203,1446,1446,1410,1430,180288474,126118,31,D,1400,1434
20170107,204,1447,1447,1374,1408,190284370,135175,21,D,1430,1405
20170108,205,1420,1420,1391,1403,39210421,27951,14,D,1408,1405
20170109,206,1400,1434,1392,1416,352687577,249077,33,D,1403,1400
20170111,207,1417,1434,1390,1404,287510444,204709,28,D,1416,1413
20170114,208,1397,1403,1397,1401,205595300,146707,20,D,1404,1400
20170115,209,1428,1428,1362,1369,303369172,221663,40,D,1401,1400
20170116,210,1406,1419,1359,1377,246056657,178642,25,D,1369,1360
20170117,211,1324,1440,1323,1392,951799323,683955,91,D,1377,1439
20170123,212,1347,1348,1250,1194,16073000,12000,5,D,1192,1250
20170124,213,1329,1329,1220,1208,313044273,252811,44,D,1194,1240
20170125,214,1210,1210,1210,1208,26547400,21940,4,D,1208,1210
20170128,215,1191,1274,1191,1216,144869296,114786,23,D,1208,1274
20170129,216,1290,1300,1290,1234,225342368,173480,33,D,1216,1300
20170130,217,1326,1326,1270,1259,369308900,282506,23,D,1234,1271
20170131,218,1315,1315,1268,1299,146044433,112458,18,D,1259,1302
20170201,219,1300,1300,1270,1299,44130500,33965,4,D,1299,1270
20170204,220,1235,1289,1235,1247,166062750,133200,64,D,1299,1235
20170205,221,1204,1299,1203,1253,116735361,93153,25,D,1247,1279
20170206,222,1279,1279,1210,1216,69999490,57549,13,D,1253,1210
20170207,223,1200,1204,1200,1202,44059365,36665,7,D,1216,1202
20170208,224,1201,1262,1161,1229,228236706,185685,35,D,1202,1222
20170211,225,1196,1244,1173,1230,74901177,60900,10,D,1229,1196
20170212,226,1246,1251,1177,1215,119074266,97967,25,D,1230,1200
20170213,227,1232,1240,1181,1231,72608961,58980,9,D,1215,1240
20170214,228,1172,1238,1172,1224,80768282,66000,10,D,1231,1202
20170215,229,1246,1248,1206,1245,64765120,52000,5,D,1224,1206
20170218,230,1247,1248,1197,1239,78532969,63364,16,D,1245,1200
20170219,231,1248,1273,1210,1233,167986381,136236,28,D,1239,1210
20170220,232,1210,1210,1192,1204,105926260,88006,11,D,1233,1192
20170221,233,1250,1250,1195,1210,7162006,5917,7,D,1204,1196
20170222,234,1200,1229,1200,1208,6693943,5541,5,D,1210,1200
20170225,235,1192,1192,1189,1191,11317500,9500,3,D,1208,1189
20170226,236,1189,1198,1141,1157,297537110,257239,37,D,1191,1190
20170227,237,1193,1193,1151,1155,95767136,82912,13,D,1157,1155
20170228,238,1192,1212,1152,1176,432954197,368304,43,D,1155,1152
20170301,239,1160,1210,1160,1200,362543571,302100,26,D,1176,1204
20170304,240,1200,1220,1195,1213,78873000,65000,7,D,1200,1200
20170305,241,1166,1166,1166,1166,3513158,3013,3,D,1213,1166
20170306,242,1200,1200,1198,1200,62259260,51900,7,D,1166,1198
20170307,243,1200,1200,1150,1154,24231000,21000,4,D,1200,1155
20170308,244,1150,1150,1132,1139,158312695,138995,20,D,1154,1150
20170311,245,1139,1194,1139,1188,108105652,91008,16,D,1139,1194
20170312,246,1194,1247,1194,1241,730573495,588529,74,D,1188,1247
20170313,247,1247,1252,1234,1245,118303979,95050,26,D,1241,1252
20170314,248,1247,1270,1247,1266,349852703,276387,19,D,1245,1270
20170315,249,1273,1314,1211,1282,222308028,173350,32,D,1266,1310
20170318,250,1304,1318,1300,1313,66324450,50500,9,D,1304,1318
20170325,251,1315,1315,1248,1249,263203100,210800,29,D,1313,1248
20170326,252,1211,1285,1200,1239,373881659,301704,49,D,1249,1283
20170327,253,1210,1280,1210,1258,87713341,69707,14,D,1239,1280
20170328,254,1213,1297,1210,1278,1415028840,1107001,120,D,1258,1297
20170329,255,1232,1236,1232,1235,12410757,10048,6,D,1278,1233
20170403,256,1202,1287,1201,1267,35676987,28159,15,D,1235,1233
20170404,257,1280,1280,1236,1273,34652920,27220,9,D,1267,1236
20170405,258,1241,1278,1231,1260,29730281,23601,11,D,1273,1231
20170408,259,1269,1269,1236,1254,71242964,56799,12,D,1260,1245
20170409,260,1230,1279,1230,1239,338817309,273375,35,D,1254,1240
20170410,261,1279,1279,1232,1240,126582510,102100,14,D,1239,1233
20170412,262,1269,1269,1230,1239,497321509,401475,40,D,1240,1255
20170415,263,1240,1269,1240,1254,148422789,118315,26,D,1239,1250
20170416,264,1267,1267,1219,1232,94609413,76769,15,D,1254,1259
20170417,265,1260,1263,1230,1258,121993413,96968,20,D,1232,1263
20170418,266,1262,1277,1226,1237,361428064,292158,37,D,1258,1241
20170419,267,1278,1278,1231,1245,8474456,6808,6,D,1237,1258
20170422,268,1250,1273,1229,1260,86070907,68311,18,D,1245,1273
20170423,269,1278,1278,1229,1237,47887138,38726,12,D,1260,1229
20170424,270,1234,1270,1226,1258,212524846,168996,33,D,1237,1269
20170426,271,1231,1310,1231,1280,470625193,367797,45,D,1258,1258
20170429,272,1310,1344,1285,1333,2629504770,1972615,179,D,1280,1344
20170430,273,1359,1399,1359,1397,3810808255,2728612,257,D,1333,1380
20170501,274,1459,1459,1352,1433,849673830,592975,76,D,1397,1447
20170502,275,1366,1458,1366,1406,1166932420,829854,109,D,1433,1430
20170503,276,1443,1443,1387,1429,418652507,293026,43,D,1406,1440
20170506,277,1364,1449,1364,1433,775556889,541276,74,D,1429,1443
20170507,278,1400,1440,1362,1396,568030587,406884,54,D,1433,1390
20170508,279,1390,1390,1327,1335,83433654,62487,19,D,1396,1332
20170509,280,1277,1354,1277,1321,6265489,4743,4,D,1335,1350
20170510,281,1350,1387,1290,1324,16972855,12822,8,D,1321,1300
20170513,282,1261,1338,1261,1267,68560890,54124,17,D,1324,1338
20170514,283,1319,1325,1286,1293,8742962,6763,4,D,1267,1286
20170515,284,1342,1343,1274,1333,21227051,15930,9,D,1293,1274
20170516,285,1338,1338,1279,1300,9699627,7460,10,D,1333,1320
20170517,286,1310,1320,1301,1315,10671380,8115,9,D,1300,1320
20170520,287,1344,1344,1250,1283,204335010,159299,46,D,1315,1279
20170521,288,1260,1300,1256,1271,175716040,138271,30,D,1283,1259
20170522,289,1251,1287,1251,1254,167123539,133259,28,D,1271,1257
20170523,290,1249,1280,1249,1258,188285551,149619,33,D,1254,1268
20170524,291,1297,1299,1257,1289,186647754,144800,18,D,1258,1290
20170527,292,1289,1289,1256,1279,111477626,87146,15,D,1289,1257
20170528,293,1258,1290,1222,1261,376422227,298494,38,D,1279,1290
20170529,294,1290,1290,1250,1289,70049901,54350,12,D,1261,1251
20170530,295,1250,1250,1225,1229,59430896,48344,19,D,1289,1234
20170531,296,1214,1269,1201,1227,88160538,71832,16,D,1229,1262
20170603,297,1210,1210,1209,1210,93918449,77646,9,D,1227,1210
20170606,298,1268,1270,1240,1266,388126616,306639,53,D,1210,1250
20170607,299,1288,1289,1203,1220,200467938,164326,36,D,1266,1204
20170610,300,1258,1258,1200,1203,232902959,193679,30,D,1220,1202
20170611,301,1249,1249,1195,1201,65113730,54230,13,D,1203,1195
20170612,302,1233,1233,1190,1208,20485160,16964,7,D,1201,1220
20170613,303,1175,1234,1175,1231,126871141,103079,12,D,1208,1234
20170614,304,1190,1234,1172,1213,197952753,163210,16,D,1231,1190
20170617,305,1190,1190,1178,1186,43520380,36710,12,D,1213,1190
20170619,306,1229,1229,1181,1194,4428329,3709,3,D,1186,1181
20170620,307,1162,1207,1162,1170,8672744,7412,3,D,1194,1207
20170621,308,1220,1228,1200,1215,244227137,201000,25,D,1170,1228
20170624,309,1160,1200,1160,1172,53245060,45446,11,D,1215,1172
20170625,310,1162,1163,1162,1162,153922034,132457,24,D,1172,1162
20170628,311,1159,1196,1156,1164,11838550,10174,6,D,1162,1196
20170701,312,1199,1199,1170,1177,5081060,4318,5,D,1164,1170
20170702,313,1157,1197,1152,1158,19136144,16521,12,D,1177,1154
20170703,314,1191,1191,1159,1161,44034979,37936,12,D,1158,1159
20170704,315,1168,1190,1152,1163,20484170,17616,10,D,1161,1152
20170705,316,1150,1178,1122,1141,170409706,149322,27,D,1163,1122
20170708,317,1170,1170,1133,1138,8067658,7087,5,D,1141,1134
20170709,318,1163,1166,1150,1163,1319483149,1134897,67,D,1138,1166
20170710,319,1186,1186,1131,1142,123677012,108320,31,D,1163,1138
20170711,320,1135,1140,1135,1138,46864445,41193,15,D,1142,1135
20170712,321,1131,1150,1111,1120,208589671,186313,37,D,1138,1116
20170715,322,1116,1156,1116,1130,48044036,42500,26,D,1120,1142
20170716,323,1120,1147,1120,1141,23766795,20826,6,D,1130,1140
20170717,324,1113,1121,1112,1116,126427978,113320,31,D,1141,1114
20170718,325,1114,1137,1113,1121,21172018,18886,14,D,1116,1130
20170719,326,1121,1159,1121,1136,135788915,119545,27,D,1121,1150
20170722,327,1150,1192,1150,1188,435050284,366321,44,D,1136,1185
20170723,328,1192,1216,1192,1204,127157571,105636,22,D,1188,1201
20170724,329,1214,1214,1181,1185,27747091,23411,5,D,1204,1184
20170725,330,1173,1207,1145,1187,48801910,41097,19,D,1185,1207
20170726,331,1207,1213,1149,1151,260636846,226467,39,D,1187,1150
20170729,332,1178,1187,1133,1145,139907917,122197,19,D,1151,1136
20170730,333,1135,1138,1112,1124,490553563,436358,62,D,1145,1112
20170731,334,1120,1159,1120,1135,13769527,12135,10,D,1124,1158
20170801,335,1160,1160,1120,1131,29082589,25720,10,D,1135,1156
20170802,336,1156,1156,1155,1155,7253124,6279,2,D,1131,1155
20170806,337,1150,1150,1140,1145,78271093,68381,21,D,1155,1142
20170821,338,1148,1180,1148,1147,110614372,94967,20,D,1145,1180
20170910,339,1165,1180,1160,1129,245444160,210627,28,D,1119,1180
20170911,340,1180,1180,1120,1132,177807435,154661,41,D,1129,1165
20170912,341,1150,1240,1142,1160,571775097,480515,62,D,1132,1180
20170924,342,1197,1197,1122,1137,193774920,170432,26,D,1160,1126
20170925,343,1131,1131,1126,1129,67832859,60095,15,D,1137,1130
20170926,344,1126,1185,1112,1178,1950194996,1656129,142,D,1129,1180
20170927,345,1199,1199,1152,1195,1880068577,1573699,74,D,1178,1156
20171002,346,1141,1150,1136,1142,108031966,94628,16,D,1195,1136
20171003,347,1121,1159,1120,1129,469647700,415897,41,D,1142,1120
20171004,348,1110,1157,1110,1117,151322633,135453,20,D,1129,1117
20171007,349,1113,1120,1101,1112,394467182,354635,41,D,1117,1102
20171008,350,1118,1119,1085,1100,266788812,242500,32,D,1112,1100
20171009,351,1109,1110,1100,1103,9724663,8815,3,D,1100,1100
20171010,352,1073,1120,1072,1080,340841796,315609,24,D,1103,1119
20171011,353,1110,1119,1080,1088,1610079830,1479359,129,D,1080,1119
20171014,354,1111,1135,1101,1119,8951036,8000,6,D,1088,1120
20171015,355,1094,1140,1094,1127,44486831,39478,14,D,1119,1111
20171016,356,1163,1180,1122,1135,172578089,152116,52,D,1127,1175
20171017,357,1174,1174,1122,1127,47368578,42024,13,D,1135,1144
20171018,358,1095,1145,1090,1095,304295986,277930,37,D,1127,1101
20171021,359,1144,1149,1111,1146,92230174,80500,24,D,1095,1140
20171022,360,1147,1147,1115,1124,62950000,56000,6,D,1146,1115
20171023,361,1140,1165,1112,1124,31439231,27961,12,D,1124,1120
20171024,362,1129,1129,1110,1112,39674609,35679,8,D,1124,1125
20171025,363,1114,1128,1114,1124,91944720,81788,17,D,1112,1128
20171028,364,1118,1145,1118,1138,4582068,4026,2,D,1124,1145
20171029,365,1121,1140,1090,1126,248547420,220690,41,D,1138,1139
20171030,366,1101,1149,1101,1126,522544180,463889,36,D,1126,1124
20171031,367,1094,1140,1094,1125,141035608,125386,13,D,1126,1121
20171101,368,1113,1150,1112,1126,293134719,260396,37,D,1125,1116
20171104,369,1148,1165,1140,1147,254219964,221632,42,D,1126,1159
20171105,370,1169,1179,1150,1158,305474802,263715,50,D,1147,1158
20171106,371,1180,1180,1163,1174,100825875,85864,21,D,1158,1163
20171107,372,1169,1179,1151,1169,134450571,115057,27,D,1174,1162
20171108,373,1151,1188,1151,1167,584413812,500801,53,D,1169,1166
20171111,374,1159,1195,1159,1184,78143117,65979,28,D,1167,1190
20171112,375,1188,1188,1155,1160,289081306,249232,35,D,1184,1156
20171113,376,1181,1181,1156,1160,99731636,85961,18,D,1160,1178
20171114,377,1159,1189,1155,1163,50771572,43642,8,D,1160,1166
20171115,378,1186,1192,1161,1183,93937591,79396,13,D,1163,1161
20171118,379,1170,1170,1166,1166,11664000,10000,3,D,1183,1166
20171120,380,1166,1177,1150,1166,441175280,378374,33,D,1166,1173
20171121,381,1159,1179,1158,1160,22251057,19182,8,D,1166,1175
20171122,382,1179,1180,1160,1167,36998314,31693,11,D,1160,1161
20171125,383,1179,1179,1156,1160,82301965,70921,13,D,1167,1156
20171126,384,1102,1176,1102,1141,39354940,34506,8,D,1160,1140
20171128,385,1167,1167,1144,1163,71846081,61756,22,D,1141,1144
20171129,386,1121,1160,1120,1125,30021077,26687,12,D,1163,1137
20171202,387,1121,1130,1121,1130,7698654,6813,2,D,1125,1130
20171203,388,1130,1153,1130,1139,36608828,32154,18,D,1130,1145
20171204,389,1155,1155,1122,1142,3229550,2827,4,D,1139,1151
20171205,390,1151,1158,1123,1147,76000255,66237,12,D,1142,1126
20171209,391,1132,1153,1132,1145,18737445,16365,20,D,1147,1133
20171210,392,1132,1167,1130,1148,424092516,369396,31,D,1145,1145
20171211,393,1156,1161,1132,1154,165769103,143587,20,D,1148,1160
20171212,394,1177,1178,1141,1150,42975199,37359,12,D,1154,1141
20171213,395,1174,1174,1140,1159,511712625,441569,41,D,1150,1161
20171216,396,1180,1185,1164,1175,109177094,92896,28,D,1159,1164
20171217,397,1180,1190,1151,1185,317561094,268069,28,D,1175,1190
20171218,398,1195,1209,1190,1204,395451422,328550,50,D,1185,1209
20171219,399,1190,1215,1176,1202,78224833,65098,25,D,1204,1210
20171220,400,1209,1210,1149,1185,206000061,173903,46,D,1202,1151
20171223,401,1156,1217,1156,1177,4379797,3720,3,D,1185,1165
20171224,402,1165,1214,1165,1181,20633213,17471,12,D,1177,1174
20171225,403,1206,1206,1122,1125,511042223,454096,34,D,1181,1159
20171226,404,1133,1181,1133,1177,137663321,116971,12,D,1125,1151
20171230,405,1197,1197,1130,1131,379562977,335620,22,D,1177,1130
20171231,406,1176,1187,1100,1147,453801659,395577,61,D,1131,1187
20180101,407,1120,1190,1120,1177,141452950,120147,25,D,1147,1190
20180102,408,1187,1204,1119,1172,1260257616,1075529,91,D,1177,1140
20180103,409,1198,1200,1152,1193,121025881,101418,26,D,1172,1195
20180106,410,1197,1199,1156,1172,37766911,32221,10,D,1193,1156
20180107,411,1193,1193,1193,1193,9544000,8000,2,D,1172,1193
20180108,412,1137,1189,1134,1136,415223275,365391,35,D,1193,1140
20180109,413,1180,1180,1142,1151,83236618,72326,18,D,1136,1166
20180110,414,1190,1190,1153,1156,16579479,14343,3,D,1151,1153
20180113,415,1213,1213,1162,1184,76167340,64348,10,D,1156,1162
20180114,416,1212,1212,1160,1167,37833664,32418,10,D,1184,1160
20180115,417,1196,1196,1180,1189,613327543,515996,41,D,1167,1180
20180116,418,1200,1243,1195,1217,734333753,603424,87,D,1189,1218
20180127,419,1057,1057,1057,1057,1070741000,1013000,45,D,1007,1057
20180128,420,1109,1109,1050,1102,517349129,469631,58,D,1057,1109
20180129,421,1105,1155,1105,1138,166861465,146676,31,D,1102,1130
20180130,422,1105,1150,1085,1128,92982124,82458,36,D,1138,1090
20180131,423,1144,1144,1087,1097,91138829,83079,23,D,1128,1094
20180203,424,1095,1130,1095,1097,46918663,42778,12,D,1097,1095
20180204,425,1125,1125,1083,1095,18623000,17000,4,D,1097,1100
20180205,426,1119,1137,1116,1126,111543170,99037,22,D,1095,1116
20180206,427,1120,1120,1086,1112,33991984,30568,10,D,1126,1118
20180207,428,1077,1110,1077,1091,10805700,9903,6,D,1112,1108
20180210,429,1083,1083,1041,1072,117920030,110006,13,D,1091,1051
20180213,430,1104,1104,1047,1062,70441860,66348,12,D,1072,1062
20180217,431,1084,1086,1030,1045,318956981,305237,47,D,1062,1030
20180218,432,1069,1069,1025,1036,182783655,176507,26,D,1045,1028
20180219,433,1072,1072,1068,1069,10264004,9603,8,D,1036,1068
20180221,434,1065,1065,1065,1065,2079945,1953,2,D,1069,1065
20180224,435,1080,1080,1030,1048,26973159,25730,10,D,1065,1050
20180225,436,1075,1075,1028,1031,158262200,153555,30,D,1048,1030
20180226,437,1060,1060,1027,1030,59810137,58063,12,D,1031,1029
20180227,438,1049,1074,1028,1047,92323073,88176,25,D,1030,1074
20180228,439,1070,1070,1030,1031,512897370,497589,31,D,1047,1045
20180303,440,1028,1048,1025,1029,72445649,70393,18,D,1031,1046
20180304,441,1025,1055,1025,1026,230746000,225000,23,D,1029,1025
20180305,442,1040,1040,1010,1021,529434809,518351,38,D,1026,1010
20180306,443,1040,1048,1010,1011,1029778455,1018424,61,D,1021,1010
20180307,444,1006,1057,1000,1000,366605160,366484,35,D,1011,1000
20180310,445,1038,1038,997,1000,200618368,200533,19,D,1000,1000
20180311,446,1000,1014,1000,1002,8322200,8302,7,D,1000,1000
20180312,447,1024,1024,1000,1000,213968113,213863,17,D,1002,1001
20180313,448,1048,1050,1045,1050,1071614033,1020913,73,D,1000,1050
20180314,449,1064,1102,1052,1091,419373334,384527,45,D,1050,1052
20180317,450,1091,1091,1070,1091,1330399114,1219635,55,D,1091,1070
20180318,451,1091,1144,1091,1131,113118933,100000,17,D,1091,1144
20180319,452,1127,1140,1093,1133,243764410,215215,18,D,1131,1130
20180325,453,1133,1139,1086,1094,20080101,18350,5,D,1133,1139
20180326,454,1089,1139,1072,1079,199703000,185000,13,D,1094,1072
20180327,455,1051,1126,1051,1081,19507700,18050,5,D,1079,1080
20180328,456,1080,1081,1078,1080,111180200,102900,4,D,1081,1078
20180403,457,1107,1110,1080,1082,71568199,66149,9,D,1080,1080
20180404,458,1079,1080,1079,1079,5884121,5452,2,D,1082,1080
20180407,459,1082,1082,1037,1061,130499584,123016,14,D,1079,1037
20180408,460,1077,1077,1008,1014,4452362152,4391961,178,D,1061,1014
20180409,461,1055,1059,1055,1057,21140796,20000,6,D,1014,1059
20180410,462,1056,1056,1012,1047,17406273,16617,10,D,1057,1056
20180411,463,1047,1055,1047,1051,4135945,3935,3,D,1047,1055
20180415,464,1098,1098,1013,1067,4216000,3950,4,D,1051,1060
20180416,465,1060,1082,1014,1040,89442927,86000,12,D,1067,1082
20180417,466,1062,1062,1020,1036,76601500,73925,6,D,1040,1020
20180418,467,1030,1030,1010,1027,62259900,60634,4,D,1036,1010
20180421,468,1050,1050,1020,1022,108341000,106000,11,D,1027,1050
20180422,469,1022,1050,1020,1021,191480341,187627,14,D,1022,1020
20180423,470,1021,1072,1021,1064,184897657,173776,22,D,1021,1072
20180424,471,1060,1100,1050,1061,112512000,106000,7,D,1064,1050
20180425,472,1079,1079,1030,1037,24342787,23477,8,D,1061,1030
20180428,473,1051,1051,1025,1043,5787975,5549,6,D,1037,1050
20180429,474,1051,1051,1049,1050,2100000,2000,2,D,1043,1049
20180501,475,1030,1030,1030,1030,4120000,4000,2,D,1050,1030
20180505,476,1020,1050,1020,1033,11533200,11160,3,D,1030,1020
20180506,477,1010,1040,1010,1015,46383576,45695,9,D,1033,1016
20180507,478,1039,1039,1003,1012,104189700,103000,9,D,1015,1003
20180508,479,1037,1037,1008,1020,15560550,15250,5,D,1012,1033
20180512,480,1007,1039,1007,1021,10719957,10495,5,D,1020,1039
20180513,481,1039,1059,1039,1052,8263423,7857,3,D,1021,1059
20180514,482,1060,1060,1050,1053,30814930,29275,8,D,1052,1050
20180515,483,1060,1090,1001,1011,242833775,240233,18,D,1053,1005
20180516,484,1047,1047,1040,1045,15790484,15113,9,D,1011,1045
20180519,485,1047,1050,1017,1034,61237789,59251,13,D,1045,1028
20180520,486,1050,1050,1023,1045,49289924,47171,8,D,1034,1048
20180521,487,1030,1048,1030,1032,39647000,38400,8,D,1045,1040
20180522,488,1046,1046,1046,1046,1180934,1129,1,D,1032,1046
20180523,489,1044,1044,1025,1026,118062332,115030,16,D,1046,1025
20180526,490,1048,1049,1025,1036,479636552,462886,27,D,1026,1040
20180527,491,1040,1040,1020,1021,358420505,351001,23,D,1036,1020
20180528,492,1044,1044,1020,1025,245054386,239177,23,D,1021,1042
20180529,493,1025,1025,1023,1023,10600280,10360,5,D,1025,1023
20180530,494,1016,1043,1016,1036,4082136,3941,4,D,1023,1040
20180602,495,1030,1037,1030,1032,107143509,103776,15,D,1036,1037
20180603,496,1015,1037,1015,1030,30428062,29532,18,D,1032,1037
20180609,497,1020,1020,1002,1014,697201647,687291,47,D,1030,1006
20180610,498,1011,1028,1011,1028,1029011,1001,2,D,1014,1028
20180611,499,1029,1029,1010,1011,702876111,695388,30,D,1028,1011
20180612,500,1028,1028,1008,1012,51641716,51021,11,D,1011,1011
20180613,501,1009,1029,1006,1018,206948206,203314,23,D,1012,1029
20180617,502,1029,1050,1029,1038,581052419,559814,64,D,1018,1050
20180618,503,1050,1050,1030,1045,284937239,272787,27,D,1038,1040
20180619,504,1026,1030,1005,1015,2018101294,1988609,109,D,1045,1030
20180620,505,1040,1045,1016,1033,22960960,22230,8,D,1015,1043
20180623,506,1010,1044,1010,1024,109926998,107333,11,D,1033,1044
20180624,507,1045,1045,1009,1012,2429842066,2400323,142,D,1024,1030
20180625,508,1013,1042,1013,1018,252692740,248272,29,D,1012,1015
20180626,509,1015,1032,1008,1009,453048500,448902,32,D,1018,1032
20180627,510,1039,1050,1009,1037,341986519,329671,52,D,1009,1050
20180630,511,1039,1039,1013,1023,61863500,60500,9,D,1037,1014
20180701,512,1039,1039,1009,1011,519273770,513470,35,D,1023,1009
20180702,513,1010,1020,1000,1003,2928142878,2919487,151,D,1011,1000
20180703,514,1020,1020,998,1001,1892255574,1890689,106,D,1003,1002
20180704,515,1001,1020,1000,1000,1666379910,1665774,74,D,1001,1001
20180707,516,1021,1021,1000,1000,1505396179,1505285,82,D,1000,1015
20180708,517,1000,1015,1000,1000,1099398632,1098997,63,D,1000,1000
20180710,518,1022,1022,997,1000,757147924,757182,37,D,1000,1000
20180711,519,999,1001,999,1000,501746450,501726,32,D,1000,1000
20180714,520,1000,1010,1000,1000,35893850,35885,2,D,1000,1010
20180715,521,1000,1017,1000,1000,247193000,247175,19,D,1000,1017
20180716,522,1013,1017,1013,1017,61971109,60956,8,D,1000,1017
20180717,523,1000,1001,1000,1001,1220340015,1219638,82,D,1017,1001
20180718,524,1000,1002,993,1000,311027982,311090,27,D,1001,993
20180721,525,1000,1002,1000,1001,79334402,79289,8,D,1000,1001
20180722,526,1000,1001,997,998,67216524,67362,13,D,1001,1001
20180723,527,1016,1016,995,999,154321300,154531,17,D,998,1000
20180724,528,1013,1013,995,1004,486892800,484960,20,D,999,1000
20180725,529,1000,1014,995,999,1388028485,1389987,71,D,1004,1000
20180728,530,1020,1020,1000,1002,113818321,113557,12,D,999,1008
20180729,531,1008,1009,995,1005,258563248,257333,26,D,1002,996
20180730,532,1008,1008,955,973,632519292,649803,76,D,1005,955
20180731,533,1001,1001,961,1000,101007509,101013,22,D,973,999
20180801,534,1000,1000,955,996,76316055,76617,20,D,1000,1000
20180804,535,1010,1010,983,997,69030700,69213,14,D,996,1000
20180805,536,1000,1000,948,953,1010508130,1060656,123,D,997,965
20180806,537,979,979,951,975,58603150,60085,14,D,953,978
20180807,538,995,995,972,980,129778580,132371,16,D,975,972
20180808,539,980,1029,971,1022,1829151640,1789865,99,D,980,1029
20180811,540,1046,1072,1010,1038,751146924,723585,57,D,1022,1010
20180812,541,1010,1029,991,1002,534939183,533786,38,D,1038,1018
20180813,542,1036,1036,987,1007,16822388,16707,7,D,1002,1016
20180814,543,990,1029,980,984,299595891,304314,43,D,1007,989
20180815,544,1000,1017,990,998,101163328,101389,23,D,984,1015
20180818,545,1010,1030,995,1001,957699737,956943,46,D,998,1018
20180819,546,1020,1029,1000,1003,1195581584,1192086,76,D,1001,1000
20180820,547,1029,1029,994,1002,140041364,139800,35,D,1003,995
20180821,548,1020,1020,996,999,260497400,260669,47,D,1002,1000
20180825,549,1014,1019,998,1003,2346085050,2338054,210,D,999,1018
20180826,550,1018,1019,1000,1003,1651238364,1645522,159,D,1003,1010
20180827,551,1012,1030,999,1009,1199208138,1188419,148,D,1003,1000
20180828,552,1005,1015,993,1000,1164115881,1164686,85,D,1009,994
20180829,553,1016,1048,998,1010,1853700256,1836143,157,D,1000,1023
20180901,554,1060,1060,1060,1060,5033739660,4748811,226,D,1010,1060
20180902,555,1113,1113,1111,1113,22099205094,19855638,882,D,1060,1113
20180903,556,1168,1168,1168,1168,6854036576,5868182,230,D,1113,1168
20180904,557,1226,1226,1172,1226,9671293750,7889375,242,D,1168,1172
20180905,558,1210,1270,1210,1251,14821893663,11846053,708,D,1226,1250
20180908,559,1250,1270,1193,1237,8866428639,7169075,488,D,1251,1225
20180909,560,1235,1247,1195,1213,7915012179,6527546,538,D,1237,1210
20180910,561,1202,1255,1200,1245,11434696241,9181279,693,D,1213,1240
20180911,562,1260,1282,1256,1269,10213543420,8048192,514,D,1245,1270
20180912,563,1251,1332,1251,1307,3452201797,2641464,180,D,1269,1332
20180915,564,1368,1369,1280,1330,3200529939,2406996,208,D,1307,1302
20180916,565,1270,1330,1264,1279,5780900061,4520054,324,D,1330,1327
20180917,566,1320,1342,1295,1336,13859951834,10371885,563,D,1279,1342
20180918,567,1401,1402,1356,1395,5944397713,4261698,320,D,1336,1401
20180922,568,1440,1440,1361,1395,2079343591,1490561,194,D,1395,1390
20180923,569,1386,1464,1380,1433,5646502837,3939781,336,D,1395,1383
20180924,570,1406,1504,1382,1476,7157637711,4850156,318,D,1433,1504
20180925,571,1549,1549,1537,1549,30410685005,19634750,1075,D,1476,1549
20180926,572,1626,1626,1540,1604,11991875616,7475165,463,D,1549,1600
20180929,573,1630,1630,1555,1600,8962785832,5601920,540,D,1604,1612
20180930,574,1630,1680,1600,1674,27724591994,16559970,1090,D,1600,1680
20181001,575,1738,1752,1591,1637,13800219122,8432026,746,D,1674,1640
20181002,576,1689,1689,1556,1591,3480097888,2187275,198,D,1637,1556
20181003,577,1512,1600,1512,1519,9904209466,6521613,454,D,1591,1549
20181006,578,1541,1594,1444,1471,10168709476,6911130,468,D,1519,1444
20181007,579,1398,1398,1398,1398,441598842,315879,43,D,1471,1398
20181008,580,1329,1329,1329,1329,5328994962,4009778,192,D,1398,1329
20181009,581,1310,1395,1310,1373,10252353959,7466409,408,D,1329,1355
20181010,582,1355,1360,1312,1328,2893972072,2179228,183,D,1373,1312
20181013,583,1305,1328,1208,1262,3341780064,2648798,178,D,1328,1262
20181014,584,1241,1325,1241,1316,4570723040,3472630,267,D,1262,1300
20181015,585,1381,1381,1344,1381,6711178165,4860775,320,D,1316,1381
20181016,586,1444,1444,1347,1383,3535837222,2556208,181,D,1381,1378
20181017,587,1400,1452,1370,1449,14870217348,10261900,586,D,1383,1452
20181020,588,1521,1521,1521,1521,146210688,96128,6,D,1449,1521
20181021,589,1547,1600,1502,1560,7094230548,4546971,275,D,1521,1549
20181022,590,1501,1550,1482,1485,7351862554,4951549,420,D,1560,1500
20181023,591,1434,1499,1415,1437,1733253872,1205855,146,D,1485,1460
20181024,592,1490,1508,1392,1468,5990598215,4079732,305,D,1437,1508
20181027,593,1505,1505,1420,1454,3498511846,2405947,192,D,1468,1480
20181028,594,1446,1526,1446,1512,3513449406,2324444,207,D,1454,1510
20181029,595,1533,1549,1493,1512,1697815983,1122664,127,D,1512,1500
20181031,596,1459,1541,1451,1479,1983004978,1340588,132,D,1512,1470
20181103,597,1487,1499,1432,1452,1613534832,1110930,82,D,1479,1459
20181104,598,1440,1464,1391,1420,1748662284,1231203,98,D,1452,1430
20181105,599,1431,1484,1431,1452,460883336,317454,43,D,1420,1470
20181106,600,1467,1467,1415,1436,760628111,529725,106,D,1452,1460
20181110,601,1448,1485,1371,1415,1279061563,903713,108,D,1436,1400
20181111,602,1392,1420,1391,1403,1379362513,982894,77,D,1415,1419
20181112,603,1402,1433,1391,1401,6182616435,4413922,393,D,1403,1418
20181113,604,1442,1454,1412,1433,1789995666,1249362,106,D,1401,1430
20181114,605,1395,1450,1395,1418,353559447,249306,34,D,1433,1401
20181117,606,1391,1412,1381,1398,1205537684,862070,104,D,1418,1400
20181118,607,1400,1400,1336,1358,1090778222,803275,78,D,1398,1385
20181119,608,1410,1415,1388,1403,339848944,242266,46,D,1358,1404
20181120,609,1410,1425,1377,1412,976541867,691763,66,D,1403,1425
20181121,610,1438,1439,1388,1413,3155896345,2233795,128,D,1412,1420
20181210,611,1403,1478,1382,1428,1362057749,953741,81,D,1413,1400
20181212,612,1398,1398,1357,1364,1717804021,1259094,144,D,1428,1360
20181215,613,1350,1357,1296,1307,2371148223,1814869,182,D,1364,1310
20181216,614,1296,1330,1256,1269,1478452363,1164602,118,D,1307,1300
20181217,615,1301,1301,1260,1275,832354629,653052,67,D,1269,1268
20181218,616,1286,1286,1260,1266,612694932,483882,48,D,1275,1261
20181219,617,1270,1308,1220,1249,1290802336,1033830,96,D,1266,1268
20181222,618,1237,1260,1211,1228,711260962,579331,100,D,1249,1220
20181223,619,1253,1286,1253,1271,842605658,662880,64,D,1228,1270
20181224,620,1260,1274,1231,1254,431622440,344315,56,D,1271,1253
20181225,621,1265,1271,1240,1252,324195794,258925,26,D,1254,1240
20181226,622,1241,1269,1241,1251,450041645,359782,37,D,1252,1260
20181229,623,1226,1270,1226,1257,271769615,216251,41,D,1251,1265
20181230,624,1260,1288,1260,1282,959298661,748538,94,D,1257,1280
20181231,625,1310,1310,1258,1268,709606215,559506,59,D,1282,1270
20190101,626,1290,1290,1270,1278,737102940,576611,44,D,1268,1280
20190102,627,1295,1304,1283,1297,1360484991,1048860,106,D,1278,1283
20190105,628,1300,1330,1300,1311,1081781792,824915,120,D,1297,1329
20190106,629,1337,1338,1300,1302,5734215043,4405227,134,D,1311,1320
20190107,630,1340,1340,1320,1332,444927974,334152,58,D,1302,1330
20190108,631,1333,1390,1333,1364,5227180891,3832397,261,D,1332,1360
20190109,632,1395,1405,1338,1348,5674200469,4210807,322,D,1364,1361
20190112,633,1350,1366,1337,1352,2502944157,1851598,227,D,1348,1337
20190113,634,1350,1365,1325,1341,2144675509,1599548,185,D,1352,1354
20190114,635,1355,1388,1355,1374,1613823798,1174254,144,D,1341,1379
20190115,636,1381,1434,1378,1412,6439443643,4558934,461,D,1374,1431
20190128,637,1151,1151,1101,1131,1688544864,1492816,173,D,1093,1125
20190129,638,1130,1147,1110,1131,1738084629,1537159,183,D,1131,1130
20190130,639,1140,1140,1095,1113,1393607400,1252023,213,D,1131,1116
20190202,640,1125,1168,1125,1157,5445656988,4708217,372,D,1113,1168
20190203,641,1184,1184,1125,1144,1845994395,1614032,187,D,1157,1149
20190204,642,1158,1180,1120,1142,2017898421,1767640,178,D,1144,1126
20190205,643,1121,1149,1112,1135,1030290688,907804,97,D,1142,1146
20190206,644,1145,1185,1145,1158,2680630744,2314964,527,D,1135,1162
20190210,645,1160,1179,1148,1163,1547833902,1330794,123,D,1158,1154
20190212,646,1174,1174,1146,1151,729445046,633859,80,D,1163,1150
20190213,647,1137,1141,1122,1129,591666159,523850,92,D,1151,1125
20190216,648,1129,1138,1120,1130,592235027,523940,58,D,1129,1129
20190217,649,1122,1129,1106,1120,737962687,658972,70,D,1130,1106
20190218,650,1106,1125,1081,1104,1506812787,1364353,112,D,1120,1096
20190219,651,1105,1115,1082,1095,601894589,549872,54,D,1104,1094
20190220,652,1120,1120,1086,1098,863939892,786888,77,D,1095,1106
20190223,653,1115,1125,1100,1109,1031225098,930157,100,D,1098,1110
20190224,654,1128,1128,1100,1107,1802936751,1629379,114,D,1109,1120
20190225,655,1100,1127,1097,1115,609291475,546328,61,D,1107,1120
20190226,656,1115,1120,1111,1117,1009492522,904023,80,D,1115,1120
20190227,657,1097,1119,1096,1109,1143956314,1031905,128,D,1117,1113
20190302,658,1101,1119,1097,1102,829009739,752234,79,D,1109,1104
20190303,659,1119,1124,1116,1120,873418830,780083,69,D,1102,1124
20190304,660,1129,1143,1110,1136,1233947933,1086614,103,D,1120,1140
20190305,661,1130,1139,1122,1128,350868435,310956,46,D,1136,1122
20190306,662,1115,1149,1115,1142,401312312,351429,52,D,1128,1149
20190309,663,1120,1148,1117,1119,90356431,80723,15,D,1142,1141
20190310,664,1126,1146,1119,1137,1574615098,1384712,101,D,1119,1130
20190311,665,1123,1130,1120,1124,1655870959,1473003,87,D,1137,1126
20190312,666,1114,1140,1114,1127,672821308,596750,45,D,1124,1140
20190313,667,1145,1150,1117,1134,1577495666,1391662,92,D,1127,1119
20190316,668,1140,1171,1128,1156,928896301,803198,84,D,1134,1171
20190317,669,1171,1213,1170,1208,11586709903,9589744,521,D,1156,1213
20190318,670,1218,1255,1190,1215,2076301108,1708768,173,D,1208,1198
20190319,671,1198,1240,1197,1205,1139230288,945292,107,D,1215,1201
20190325,672,1183,1219,1183,1203,174338983,144961,20,D,1205,1202
20190326,673,1202,1239,1192,1217,267217626,219519,50,D,1203,1218
20190327,674,1209,1223,1195,1206,825793673,684921,88,D,1217,1221
20190330,675,1238,1239,1202,1224,847430821,692384,91,D,1206,1229
20190331,676,1245,1265,1194,1212,3062584507,2526986,222,D,1224,1194
20190406,677,1212,1232,1190,1201,4412890035,3673042,247,D,1212,1200
20190407,678,1203,1248,1200,1211,6694432638,5526963,305,D,1201,1230
20190408,679,1241,1247,1212,1237,3194393387,2583271,215,D,1211,1231
20190409,680,1206,1269,1200,1236,7839236878,6341296,365,D,1237,1220
20190410,681,1243,1264,1225,1239,4241754598,3422613,243,D,1236,1254
20190413,682,1260,1262,1230,1238,4345635476,3509376,253,D,1239,1259
20190414,683,1241,1295,1228,1261,4235940640,3358410,292,D,1238,1280
20190415,684,1285,1324,1285,1316,2370099485,1800399,194,D,1261,1314
20190416,685,1322,1322,1268,1289,943938948,732091,97,D,1316,1270
20190417,686,1266,1281,1255,1261,2510261217,1990953,157,D,1289,1275
20190420,687,1294,1324,1256,1306,4626309808,3543598,295,D,1261,1324
20190422,688,1360,1360,1255,1309,5549561748,4239088,362,D,1306,1265
20190423,689,1275,1299,1270,1281,715995480,559145,103,D,1309,1299
20190424,690,1277,1306,1274,1285,1228552387,955886,119,D,1281,1280
20190427,691,1331,1331,1281,1297,814825117,628445,104,D,1285,1287
20190428,692,1296,1361,1270,1333,4598912504,3450984,329,D,1297,1361
20190429,693,1335,1399,1335,1382,1473461355,1066365,133,D,1333,1380
20190430,694,1401,1443,1353,1392,814946650,585496,46,D,1382,1389
20190501,695,1390,1390,1340,1368,1322501262,966527,144,D,1392,1380
20190504,696,1399,1436,1362,1413,4773036007,3376819,317,D,1368,1425
20190505,697,1434,1434,1343,1385,3890030598,2808663,228,D,1413,1393
20190506,698,1400,1401,1319,1344,2676006897,1991152,196,D,1385,1346
20190507,699,1370,1370,1277,1280,2748414393,2146562,174,D,1344,1277
20190508,700,1220,1344,1220,1317,3349244886,2544027,182,D,1280,1342
20190511,701,1340,1382,1262,1322,2563898289,1938818,173,D,1317,1299
20190512,702,1303,1303,1256,1260,1419169133,1126309,110,D,1322,1260
20190513,703,1262,1319,1262,1300,108613412,83544,34,D,1260,1300
20190514,704,1310,1360,1298,1333,2102324249,1577000,153,D,1300,1334
20190515,705,1306,1330,1280,1293,1766285527,1366562,137,D,1333,1280
20190518,706,1340,1350,1297,1319,1958078755,1484572,158,D,1293,1327
20190519,707,1380,1384,1348,1383,11876909418,8584887,465,D,1319,1384
20190520,708,1430,1430,1314,1345,1973132223,1467136,156,D,1383,1334
20190521,709,1400,1400,1321,1355,2043882863,1508126,133,D,1345,1350
20190522,710,1397,1397,1323,1346,2218389618,1648744,151,D,1355,1330
20190525,711,1370,1397,1326,1350,630954289,467334,55,D,1346,1335
20190526,712,1377,1377,1325,1350,976756771,723664,117,D,1350,1374
20190528,713,1358,1417,1358,1391,3908421668,2809919,371,D,1350,1360
20190529,714,1360,1430,1360,1394,4236400395,3039205,332,D,1391,1360
20190601,715,1419,1420,1334,1365,1698265724,1243962,163,D,1394,1360
20190602,716,1340,1391,1335,1375,2431247064,1768580,194,D,1365,1370
20190603,717,1376,1392,1348,1377,2233114745,1621905,138,D,1375,1360
20190608,718,1396,1405,1348,1375,6732796879,4897066,438,D,1377,1404
20190609,719,1425,1443,1410,1441,9472053760,6575362,484,D,1375,1443
20190610,720,1457,1513,1452,1511,18479430448,12232341,949,D,1441,1513
20190611,721,1550,1550,1460,1504,8302416795,5521283,539,D,1511,1530
20190612,722,1568,1579,1536,1577,31360993750,19889750,1321,D,1504,1579
20190615,723,1590,1655,1590,1652,10801646602,6537479,489,D,1577,1655
20190616,724,1690,1727,1572,1648,13520759950,8206140,884,D,1652,1590
20190617,725,1650,1650,1566,1572,4995869462,3178361,296,D,1648,1566
20190618,726,1530,1630,1520,1575,6308230634,4005479,468,D,1572,1531
20190619,727,1597,1600,1497,1539,7004046260,4552118,500,D,1575,1561
20190622,728,1585,1587,1510,1552,3094970784,1994473,256,D,1539,1580
20190623,729,1571,1619,1570,1597,3043115164,1905851,278,D,1552,1613
20190624,730,1622,1640,1580,1604,3741223591,2332166,302,D,1597,1595
20190625,731,1560,1608,1550,1575,4188604367,2659448,299,D,1604,1570
20190626,732,1608,1608,1546,1573,4689090437,2980562,308,D,1575,1572
20190630,733,1600,1620,1549,1593,2677270022,1680346,265,D,1573,1596
20190701,734,1609,1609,1521,1558,3776344264,2423628,277,D,1593,1579
20190702,735,1609,1635,1550,1582,3625592246,2292219,239,D,1558,1635
20190703,736,1630,1661,1601,1659,9294085551,5603592,440,D,1582,1661
20190706,737,1684,1684,1611,1656,3605744212,2177557,269,D,1659,1662
20190707,738,1688,1688,1621,1637,2343467538,1431502,264,D,1656,1630
20190708,739,1639,1718,1621,1710,17549261087,10265174,615,D,1637,1718
20190709,740,1795,1795,1795,1795,2587788675,1441665,111,D,1710,1795
20190710,741,1884,1884,1811,1878,24145615281,12859844,965,D,1795,1879
20190713,742,1910,1910,1785,1797,10110793453,5627480,559,D,1878,1798
20190714,743,1820,1820,1720,1784,7027345536,3938036,473,D,1797,1800
20190715,744,1800,1801,1760,1782,3046173454,1709733,181,D,1784,1760
20190716,745,1751,1751,1693,1696,3815248641,2249867,209,D,1782,1693
20190717,746,1666,1750,1625,1669,3914495654,2345934,270,D,1696,1684
20190720,747,1618,1730,1610,1636,1346917881,823159,131,D,1669,1628
20190721,748,1606,1671,1606,1647,1903293160,1155681,151,D,1636,1626
20190722,749,1661,1663,1610,1631,2313951422,1419090,162,D,1647,1645
20190723,750,1659,1659,1551,1588,1807415976,1138219,160,D,1631,1601
20190724,751,1649,1649,1590,1612,1198209351,743323,111,D,1588,1611
20190727,752,1643,1647,1590,1611,1193597880,740882,133,D,1612,1614
20190728,753,1611,1637,1558,1574,2511127958,1595329,221,D,1611,1584
20190729,754,1580,1600,1565,1586,1197212944,754660,100,D,1574,1585
20190730,755,1600,1600,1566,1573,2273068150,1444984,161,D,1586,1574
20190731,756,1565,1651,1560,1635,4858227920,2970699,352,D,1573,1649
20190803,757,1637,1699,1630,1657,2224466824,1342155,225,D,1635,1650
20190804,758,1696,1696,1625,1651,2207714471,1336800,167,D,1657,1645
20190805,759,1637,1733,1628,1705,10816967318,6344757,493,D,1651,1733
20190806,760,1760,1760,1620,1654,6361663680,3845810,421,D,1705,1653
20190807,761,1664,1664,1610,1633,3042006816,1862363,207,D,1654,1656
20190810,762,1690,1714,1661,1696,6339115521,3736816,337,D,1633,1714
20190811,763,1720,1780,1714,1776,14185814832,7985722,634,D,1696,1780
20190813,764,1864,1864,1864,1864,760782280,408145,58,D,1776,1864
20190814,765,1957,1957,1957,1957,1449140887,740491,103,D,1864,1957
20190817,766,2054,2054,2054,2054,6982328574,3399381,192,D,1957,2054
20190818,767,2156,2156,2149,2156,39410332148,18279533,1053,D,2054,2156
20190819,768,2263,2263,2245,2263,37176394949,16428323,804,D,2156,2263
20190821,769,2375,2376,2151,2331,30026349837,12883666,1111,D,2263,2376
20190824,770,2430,2430,2392,2430,941721530,387571,25,D,2331,2392
20190826,771,2551,2678,2424,2674,14695943688,5495472,391,D,2430,2678
20190827,772,2790,2807,2686,2778,49528790566,17829158,1434,D,2674,2807
20190828,773,2721,2916,2681,2830,20368179062,7198161,708,D,2778,2916
20190831,774,2690,2870,2689,2710,9178440987,3387403,284,D,2830,2720
20190901,775,2711,2845,2580,2799,9206270999,3289695,372,D,2710,2845
20190902,776,2870,2929,2667,2818,7095324138,2518264,360,D,2799,2780
20190903,777,2818,2818,2700,2764,5724162867,2070778,295,D,2818,2770
20190904,778,2800,2902,2796,2893,5400503042,1866627,157,D,2764,2902
20190907,779,3000,3037,2970,3022,5666561169,1875296,185,D,2893,3037
20190908,780,3173,3173,3105,3173,25324067642,7981634,453,D,3022,3173
20190911,781,3328,3331,3181,3325,20546562154,6179755,668,D,3173,3331
20190914,782,3489,3491,3444,3485,10788373048,3095671,246,D,3325,3491
20190915,783,3600,3600,3311,3324,43420137010,13060853,1108,D,3485,3314
20190916,784,3236,3408,3158,3187,55769324694,17501433,1263,D,3324,3163
20190917,785,3163,3163,3028,3033,21846407471,7202614,606,D,3187,3028
20190918,786,2923,3040,2882,2940,6164609936,2096465,290,D,3033,2997
20190921,787,3004,3087,3004,3083,12716789626,4124154,378,D,2940,3087
20190922,788,3177,3237,3152,3228,7418225160,2298017,249,D,3083,3237
20190923,789,3379,3389,3351,3388,66149598893,19522407,956,D,3228,3389
20190924,790,3399,3557,3261,3484,23230644721,6667229,812,D,3388,3557
20190925,791,3550,3658,3500,3650,11637736859,3188218,364,D,3484,3658
20190928,792,3660,3832,3660,3804,14823200910,3896854,508,D,3650,3743
20190929,793,3808,3830,3680,3742,17552703509,4690734,406,D,3804,3830
20190930,794,3820,3929,3800,3926,14358067389,3657303,430,D,3742,3929
20191001,795,4089,4099,3852,3998,24927036242,6234409,506,D,3926,4065
20191002,796,4005,4197,3874,4118,37327047653,9064714,668,D,3998,4170
20191005,797,4295,4295,3913,3961,26607961787,6717413,598,D,4118,3913
20191006,798,3763,3830,3763,3763,13437381538,3570890,312,D,3961,3763
20191007,799,3730,3875,3575,3635,10472138119,2881247,339,D,3763,3644
20191008,800,3580,3685,3454,3511,28821611108,8208683,581,D,3635,3659
20191009,801,3560,3686,3560,3680,17714860244,4813510,497,D,3511,3686
20191012,802,3839,3839,3630,3780,17564862912,4646338,368,D,3680,3796
20191013,803,3859,3859,3591,3620,13007426676,3593573,364,D,3780,3591
20191014,804,3728,3758,3439,3580,14907128161,4164197,343,D,3620,3758
20191015,805,3730,3730,3401,3504,14143875155,4036025,289,D,3580,3599
20191016,806,3448,3600,3360,3514,4606384038,1310778,136,D,3504,3500
20191020,807,3401,3500,3339,3364,4402388093,1308728,148,D,3514,3339
20191021,808,3265,3532,3215,3499,12583895499,3596428,377,D,3364,3532
20191022,809,3673,3673,3500,3631,4280050107,1178678,158,D,3499,3670
20191023,810,3689,3800,3570,3727,3608686083,968383,205,D,3631,3792
20191026,811,3777,3810,3733,3759,2831710375,753280,169,D,3727,3790
20191028,812,3811,3859,3693,3785,3455416442,912984,134,D,3759,3859
20191030,813,3860,3900,3771,3861,5860349917,1517965,179,D,3785,3889
20191102,814,3772,3950,3772,3879,11478238876,2958956,335,D,3861,3930
20191103,815,3930,3930,3780,3857,5753402242,1491723,193,D,3879,3799
20191104,816,3879,3879,3763,3841,6931613494,1804564,216,D,3857,3771
20191105,817,3701,3854,3701,3800,1767001248,465004,58,D,3841,3761
20191109,818,3727,3850,3670,3726,5006050804,1343699,127,D,3800,3743
20191110,819,3800,3800,3560,3624,6362405929,1755572,161,D,3726,3648
20191111,820,3799,3799,3686,3748,2287230549,610215,125,D,3624,3790
20191112,821,3799,3799,3700,3745,1119869724,299027,55,D,3748,3779
20191113,822,3800,3800,3656,3734,4265703373,1142316,160,D,3745,3740
20191116,823,3720,3750,3570,3673,1110827211,302391,63,D,3734,3570
20191117,824,3554,3770,3490,3581,2374863909,663131,107,D,3673,3595
20191118,825,3750,3750,3436,3580,2790996513,779620,104,D,3581,3688
20191119,826,3606,3700,3529,3599,1268627338,352539,76,D,3580,3679
20191120,827,3640,3700,3600,3634,1059020269,291413,78,D,3599,3670
20191123,828,3759,3798,3673,3721,355671223,95578,46,D,3634,3680
20191124,829,3680,3796,3550,3623,1685726213,465285,71,D,3721,3592
20191125,830,3600,3700,3550,3622,3625602053,1000955,155,D,3623,3610
20191126,831,3694,3803,3694,3798,16897139170,4448532,442,D,3622,3800
20191127,832,3815,3899,3760,3841,10925641226,2844820,370,D,3798,3820
20191130,833,3980,4032,3950,3994,14597939820,3654539,529,D,3841,4000
20191201,834,4100,4140,3949,4058,5972866131,1471912,334,D,3994,4000
20191202,835,3999,4000,3856,3881,9747031459,2511430,482,D,4058,3856
20191203,836,3856,3998,3715,3856,4315878652,1119223,208,D,3881,3876
20191204,837,3760,4000,3752,3878,4344355669,1120332,244,D,3856,3890
20191207,838,4049,4049,3850,3998,5570486228,1393268,283,D,3878,3987
20191208,839,3998,4040,3900,3969,6724831730,1694440,306,D,3998,4001
20191209,840,3915,4167,3915,4156,27031504430,6504264,718,D,3969,4166
20191210,841,4239,4344,4102,4236,10060497997,2375227,399,D,4156,4180
20191211,842,4319,4319,4025,4119,3828168484,929479,239,D,4236,4132
20191214,843,4300,4300,4025,4098,5945038928,1450665,307,D,4119,4083
20191215,844,4100,4115,3894,3959,9880764979,2495627,427,D,4098,3950
20191216,845,3998,4019,3855,3956,5662607650,1431443,309,D,3959,3905
20191217,846,3958,4149,3833,4019,17855666693,4443321,533,D,3956,4100
20191218,847,4189,4189,3979,4043,8736631209,2161128,394,D,4019,4001
20191221,848,4039,4039,3841,3912,13661067506,3492377,505,D,4043,3900
20191222,849,3949,3949,3819,3877,6067637895,1564983,323,D,3912,3902
20191223,850,3901,3902,3684,3787,11823277900,3121984,697,D,3877,3766
20191224,851,3820,3875,3700,3775,7554452015,2001175,443,D,3787,3864
20191225,852,3960,3963,3800,3943,27337168458,6933175,781,D,3775,3963
20191228,853,4024,4140,4000,4114,29106436829,7075471,1021,D,3943,4099
20191229,854,4126,4160,3980,4116,15369554427,3733917,597,D,4114,4160
20191230,855,4240,4240,3998,4091,11781835619,2879739,584,D,4116,4100
20191231,856,4295,4295,3985,4181,24688418182,5904914,1096,D,4091,4178
20200101,857,4250,4390,4186,4343,52903732876,12182277,958,D,4181,4390
20200104,858,4126,4126,4126,4126,2846444880,689880,68,D,4343,4126
20200105,859,3920,4297,3920,3998,18993675908,4750542,630,D,4126,3950
20200107,860,3871,4070,3799,3848,6585580481,1711563,272,D,3998,3799
20200108,861,3772,3772,3772,3772,9015283688,2390054,167,D,3848,3772
20200111,862,3847,3847,3813,3847,23457601778,6097635,365,D,3772,3847
20200112,863,4039,4039,3960,4027,31095308826,7721477,785,D,3847,4030
20200113,864,4158,4158,4020,4062,16909489721,4163213,698,D,4027,4051
20200114,865,4023,4080,3859,3913,29112497527,7439041,1160,D,4062,4025
20200115,866,4077,4077,3950,4016,18968149600,4723394,991,D,3913,4017
20200120,867,4001,4001,4001,4001,118365584,29584,11,D,4016,4001
20200121,868,4054,4100,3850,3901,13360930306,3424849,685,D,4001,3854
20200122,869,3874,3929,3780,3875,12872178110,3322173,620,D,3901,3900
20200125,870,4060,4068,3950,4052,56957063807,14054904,1957,D,3875,4029
20200126,871,4252,4253,4100,4215,39210619352,9302877,1270,D,4052,4200
20200127,872,4215,4278,4075,4213,14054291027,3336057,847,D,4215,4200
20200128,873,4230,4400,4230,4352,30383963349,6982057,1204,D,4213,4293
20200205,874,4489,4713,4324,4646,49170336612,10582847,945,D,4307,4713
20200208,875,4878,4878,4614,4815,74031275611,15374687,1817,D,4646,4855
20200209,876,4990,4990,4575,4646,21317597763,4588530,1130,D,4815,4648
20200210,877,4865,4878,4442,4696,41101156544,8752445,1204,D,4646,4646
20200212,878,4930,4930,4770,4846,35828582951,7393374,1083,D,4696,4826
20200215,879,5088,5088,4963,5019,63441575567,12641321,1610,D,4846,4999
20200216,880,5255,5255,4850,5006,39317258217,7854542,1306,D,5019,4970
20200217,881,5076,5076,4756,4836,33070612128,6837930,1262,D,5006,4800
20200218,882,4808,4847,4595,4636,22269832728,4803875,903,D,4836,4600
20200219,883,4626,4867,4462,4830,1.13101E+11,23414897,2692,D,4636,4867
20200222,884,4589,5071,4589,5028,66979893419,13322288,1870,D,4830,5071
20200223,885,5275,5275,4970,5062,1.0404E+11,20551312,3486,D,5028,4989
20200224,886,5149,5149,4850,4947,43726871613,8839236,2045,D,5062,4950
20200225,887,4879,5190,4860,5085,42293124079,8317836,1765,D,4947,5145
20200226,888,5194,5272,4900,5068,40108764655,7913344,1616,D,5085,4960
20200229,889,4948,4948,4815,4823,35032155385,7263595,1106,D,5068,4815
20200301,890,4950,4950,4701,4853,26703664876,5502370,1224,D,4823,4730
20200302,891,4925,5090,4733,4942,67705239373,13701172,2668,D,4853,5000
20200303,892,5189,5189,5188,5189,95208181833,18348120,1917,D,4942,5189
20200304,893,5440,5448,5249,5445,1.2138E+11,22293720,1761,D,5189,5448
20200307,894,5450,5717,5173,5507,54334075554,9866680,1672,D,5445,5380
20200309,895,5232,5380,5232,5251,45670139628,8719513,978,D,5507,5232
20200310,896,4992,5137,4989,5084,31093733275,6214258,777,D,5251,4989
20200311,897,4989,5080,4830,4921,38309825462,7829546,1591,D,5084,4830
