Date,Date value,Open,High,Low,Close,Adj Close,Volume
2019-03-11,1,121.75,122.300003,120.919998,121.410004,120.522408,1442700
2019-03-12,2,121.75,122.809998,121.059998,122.68,121.783112,1258100
2019-03-13,3,123.160004,124.360001,122.050003,123.129997,122.22982,972400
2019-03-14,4,123.330002,123.830002,122.550003,122.940002,122.041214,1316200
2019-03-15,5,122.830002,125.940002,122.830002,125.919998,124.999428,2429200
2019-03-18,6,126.410004,126.849998,124.709999,125.32,124.403816,1272600
2019-03-19,7,125.57,126.080002,124.690002,125.720001,124.800896,1228200
2019-03-20,8,125.910004,128.509995,125.550003,127.43,126.498383,1987700
2019-03-21,9,126.849998,129.559998,126.839996,129.559998,128.612808,1401600
2019-03-22,10,128.679993,129,126.650002,126.68,125.753876,1195100
2019-03-25,11,126.360001,126.940002,124.410004,126.589996,125.664528,966600
2019-03-26,12,127.580002,128.199997,126.480003,126.919998,125.992111,808700
2019-03-27,13,126.660004,127.129997,124.989998,126.889999,125.962334,1145800
2019-03-28,14,126.860001,127.059998,125.599998,126.959999,126.270653,1736000
2019-03-29,15,127.559998,127.93,126.519997,127.699997,127.00663,1156300
2019-04-01,16,128.449997,128.509995,127.25,127.760002,127.066299,799300
2019-04-02,17,127.849998,127.849998,126.800003,127.5,126.807716,891600
2019-04-03,18,128.110001,128.729996,126.279999,126.480003,125.793251,1897400
2019-04-04,19,126.57,127.279999,125.870003,126.559998,125.872818,817000
2019-04-05,20,126.690002,127.540001,126.379997,127.209999,126.519295,794300
2019-04-08,21,128.919998,128.929993,127.010002,128.759995,128.060867,1260500
2019-04-09,22,128.320007,129.710007,128.100006,128.660004,127.961433,1183800
2019-04-10,23,128.630005,129.669998,128.610001,128.839996,128.140442,896800
2019-04-11,24,128.990005,129.009995,127.690002,128.539993,127.842049,878900
2019-04-12,25,128.880005,129.179993,127.75,127.919998,127.225433,999800
2019-04-15,26,128.429993,128.949997,127.639999,127.900002,127.205544,857300
2019-04-16,27,128.910004,129.539993,125.269997,125.519997,124.838463,920400
2019-04-17,28,125.839996,125.839996,119.010002,119.690002,119.040123,2338100
2019-04-18,29,119.660004,120.959999,118.019997,120,119.348434,1423100
2019-04-22,30,119.309998,122.370003,119.160004,121.199997,120.541916,1534800
2019-04-23,31,121.32,123.68,120.760002,122.760002,122.09346,1287600
2019-04-24,32,124.089996,125.580002,123,124.449997,123.774277,1230100
2019-04-25,33,124.07,125.449997,123.059998,124.720001,124.042816,1442700
2019-04-26,34,125,126.699997,119.5,123.860001,123.187485,3728600
2019-04-29,35,122.699997,123.650002,120.029999,120.830002,120.173935,2117200
2019-04-30,36,120.839996,123.269997,120.510002,123.160004,122.491287,1512400
2019-05-01,37,123.089996,123.309998,120.980003,121.220001,120.561821,1185900
2019-05-02,38,120.910004,123.599998,120.269997,123.209999,122.541016,1433600
2019-05-03,39,124,125.18,123.419998,124.309998,123.635033,851600
2019-05-06,40,122.169998,125.639999,121.809998,125.550003,124.868301,947900
2019-05-07,41,124.559998,125.209999,122.480003,123.389999,122.720032,1033400
2019-05-08,42,123.440002,123.489998,122.199997,122.559998,121.894547,705200
2019-05-09,43,121.389999,122.25,120.050003,121.910004,121.248077,810400
2019-05-10,44,121.379997,122.360001,118.800003,121.970001,121.307739,983300
2019-05-13,45,119.830002,120.400002,117.519997,118.660004,118.015724,1081800
2019-05-14,46,119.029999,120.050003,118.589996,118.75,118.105225,751300
2019-05-15,47,118.25,119.209999,117.150002,118.550003,117.906311,765700
2019-05-16,48,118.980003,119.669998,117.669998,118.080002,117.438866,1066700
2019-05-17,49,116.910004,117.93,115.599998,116.419998,115.78788,1337300
2019-05-20,50,115.860001,116.739998,115.169998,115.919998,115.290596,1250400
2019-05-21,51,116.760002,117.019997,116.050003,116.110001,115.479561,1228400
2019-05-22,52,116.07,116.089996,114.599998,115.150002,114.52478,1104900
2019-05-23,53,114.989998,115.209999,112.43,113.959999,113.34124,1215100
2019-05-24,54,114.080002,115.059998,114,114.519997,113.898186,586400
2019-05-28,55,114.639999,115,112,112.139999,111.53112,842000
2019-05-29,56,112.260002,113.309998,111.169998,112.220001,111.610687,1250600
2019-05-30,57,112.43,113.540001,112.050003,112.889999,112.277046,628900
2019-05-31,58,111.760002,114.220001,111.440002,113.93,113.311394,1381000
2019-06-03,59,114.120003,115.43,113.43,114.300003,113.67939,985500
2019-06-04,60,115.25,117.589996,114.379997,117.410004,116.772499,1091200
2019-06-05,61,118.379997,119.57,117.209999,118.540001,117.896378,1242800
2019-06-06,62,118.800003,120.82,118.190002,120.309998,119.656754,1201900
2019-06-07,63,120.910004,121.110001,119.459999,120.730003,120.074478,758900
2019-06-10,64,121.339996,122.260002,120.559998,121.709999,121.049156,711500
2019-06-11,65,122.93,123.669998,119.330002,120.480003,119.825844,754800
2019-06-12,66,120.32,121.300003,120,120.690002,120.034691,784100
2019-06-13,67,120.699997,120.849998,119.099998,119.790001,119.13958,819000
2019-06-14,68,119.809998,120.099998,116.870003,117.449997,116.812279,1326500
2019-06-17,69,117.370003,118.160004,116.800003,117.730003,117.090775,933100
2019-06-18,70,118.690002,119.099998,117.879997,118.120003,117.478653,916600
2019-06-19,71,118.040001,120.019997,117.709999,119.370003,118.721863,1135400
2019-06-20,72,119,120.139999,116.129997,119.709999,119.06002,1479100
2019-06-21,73,119.900002,120.150002,118,118.290001,117.64772,2131600
2019-06-24,74,118.290001,118.389999,117,117.419998,116.78244,843900
2019-06-25,75,117.669998,118.209999,116.529999,116.699997,116.06636,884300
2019-06-26,76,116.93,117,114.209999,114.57,113.947922,1609700
2019-06-27,77,115.120003,115.940002,114.970001,115.379997,114.994415,1139900
2019-06-28,78,115.669998,117.760002,114.900002,117.739998,117.346527,2577800
2019-07-01,79,118.800003,119.339996,116.260002,117.309998,116.917961,1213800
2019-07-02,80,117.639999,117.769997,116.32,116.730003,116.339912,1147600
2019-07-03,81,117.629997,118.160004,116.900002,117.650002,117.256828,766100
2019-07-05,82,116.889999,118.209999,116.230003,117.809998,117.416298,910300
2019-07-08,83,117.879997,120.769997,117.230003,120.699997,120.296631,1596500
2019-07-09,84,120.559998,121.099998,119.379997,120.690002,120.286667,913100
2019-07-10,85,120.949997,121.650002,120.279999,120.779999,120.376373,632600
2019-07-11,86,121,121.360001,120.099998,121,120.595634,885000
2019-07-12,87,120.669998,121.07,119.559998,120.599998,120.196968,644100
2019-07-15,88,120.839996,122.839996,120.470001,121.900002,121.492622,1188100
2019-07-16,89,122.279999,122.800003,121.379997,122.089996,121.681992,1099400
2019-07-17,90,122.370003,123.449997,121.629997,123.019997,122.608879,1120500
2019-07-18,91,122.68,124.620003,122.349998,124.080002,123.665344,767400
2019-07-19,92,124.379997,124.769997,123.419998,123.449997,123.037445,1199000
2019-07-22,93,123.68,123.830002,122.580002,122.809998,122.399582,529200
2019-07-23,94,122.989998,124.830002,122.93,124.830002,124.412842,739000
2019-07-24,95,125,126.07,123.470001,125.830002,125.409492,1012900
2019-07-25,96,125.330002,125.870003,123.050003,123.910004,123.495911,1692300
2019-07-26,97,130.5,136.220001,130.5,134.5,134.050507,5793700
2019-07-29,98,136.039993,136.139999,133.149994,134.529999,134.080414,1921700
2019-07-30,99,134,136.720001,133.490005,136.669998,136.213272,1697200
2019-07-31,100,136.139999,136.600006,133.539993,135.130005,134.678421,1448200
2019-08-01,101,135.199997,138.820007,134.919998,137.5,137.040497,2176100
2019-08-02,102,137.229996,138.270004,135.929993,138.070007,137.608597,1554900
2019-08-05,103,137,137.880005,134.179993,134.919998,134.469116,1924300
2019-08-06,104,135.559998,135.800003,133.800003,135.149994,134.698349,1023300
2019-08-07,105,133.470001,136.970001,132.740005,136.199997,135.744843,1308800
2019-08-08,106,136.279999,139,135.630005,138.929993,138.465698,1251800
2019-08-09,107,138.419998,139.710007,137.830002,138.309998,137.847778,929600
2019-08-12,108,139.050003,139.770004,137.160004,138.509995,138.047104,1212400
2019-08-13,109,138.580002,140.529999,137.990005,138.169998,137.708267,1143000
2019-08-14,110,136.830002,136.830002,133.820007,133.929993,133.482422,1287100
2019-08-15,111,134.5,135.929993,134.009995,135.130005,134.678421,924900
2019-08-16,112,136.350006,137.279999,135.949997,137.009995,136.552124,846600
2019-08-19,113,138.429993,138.960007,134.009995,138.559998,138.096954,560600
2019-08-20,114,138.600006,139.770004,137.880005,137.949997,137.488983,1224500
2019-08-21,115,138.610001,138.610001,137.089996,137.429993,136.970734,1112600
2019-08-22,116,137.690002,138.009995,136.25,137.110001,136.651794,673300
2019-08-23,117,136.789993,137.279999,133.059998,133.639999,133.19339,1278700
2019-08-26,118,134.649994,135.300003,133.679993,134.830002,134.37941,891500
2019-08-27,119,135.559998,136.460007,134.190002,134.5,134.050507,797900
2019-08-28,120,134.279999,137.279999,133.919998,137.139999,136.681702,642700
2019-08-29,121,138.259995,138.740005,137.410004,138.179993,137.718201,979200
2019-08-30,122,138.600006,139.75,138.259995,139.199997,138.734802,1019400
2019-09-03,123,138.160004,139.720001,137.899994,139.389999,138.924179,863700
2019-09-04,124,140,140.460007,136.919998,138.009995,137.548782,943800
2019-09-05,125,139.399994,139.820007,138.169998,139.539993,139.073669,809200
2019-09-06,126,139.740005,140.710007,138.919998,139.740005,139.27301,857100
2019-09-09,127,140.419998,140.419998,136.679993,137.080002,136.621902,1121100
2019-09-10,128,136.320007,138.539993,134.830002,138.520004,138.057083,1209200
2019-09-11,129,138.029999,141.75,137.559998,140.289993,139.821167,1033500
2019-09-12,130,141.309998,143,140.100006,142.610001,142.133408,1171400
2019-09-13,131,142.190002,143.570007,138.300003,138.789993,138.326172,1127000
2019-09-16,132,138.009995,139.089996,136.809998,137.660004,137.199966,736600
2019-09-17,133,137.649994,139.559998,137.320007,138.839996,138.376022,1073200
2019-09-18,134,142.399994,142.399994,138.470001,139.410004,138.944107,1372900
2019-09-19,135,139.419998,140.649994,139.210007,139.660004,139.193268,886900
2019-09-20,136,140.169998,142.270004,139.460007,142.020004,141.545395,1668200
2019-09-23,137,141.419998,142.490005,140.240005,141.649994,141.17662,900300
2019-09-24,138,142.240005,143.110001,139.559998,140.059998,139.591934,1168300
2019-09-25,139,140.119995,140.119995,137.270004,137.360001,136.90097,1369100
2019-09-26,140,137.740005,138.160004,135.559998,136.839996,136.38269,1124000
2019-09-27,141,136.789993,137.240005,133.800003,134.130005,133.916626,955100
2019-09-30,142,134.539993,137.729996,134.520004,137.270004,137.051636,803300
2019-10-01,143,137.360001,138.490005,133.539993,133.610001,133.397461,782200
2019-10-02,144,132.729996,133.809998,130.539993,131.949997,131.740097,1100800
2019-10-03,145,131.529999,133.080002,130.270004,132.940002,132.728516,861100
2019-10-04,146,133.710007,134.75,132.770004,134.449997,134.236115,745700
2019-10-07,147,136.169998,137.110001,134.100006,134.5,134.286041,913500
2019-10-08,148,133.630005,133.929993,130.619995,131.220001,131.011261,1321500
2019-10-09,149,132.300003,133.630005,131,133.419998,133.207748,903300
2019-10-10,150,132.720001,135.169998,132.289993,134.070007,133.856735,999300
2019-10-11,151,135.139999,137.610001,135.139999,136.440002,136.222961,1155500
2019-10-14,152,136.190002,137.229996,134.600006,135.240005,135.024872,751500
2019-10-15,153,136.979996,139.149994,135.889999,137.889999,137.670639,1151500
2019-10-16,154,137.550003,137.669998,135.080002,136.580002,136.362732,1173400
2019-10-17,155,137.119995,138.910004,136.960007,138.509995,138.289658,663900
2019-10-18,156,138.029999,138.919998,136.990005,137.610001,137.391098,694700
2019-10-21,157,138.029999,138.600006,136.610001,137.600006,137.381119,787100
2019-10-22,158,137.940002,137.940002,134.75,134.820007,134.60553,639800
2019-10-23,159,135.300003,136.089996,134.850006,135.220001,135.004898,458000
2019-10-24,160,135.470001,137.539993,133.539993,134.889999,134.675415,683000
2019-10-25,161,134.960007,135.119995,133.940002,134.070007,133.856735,705100
2019-10-28,162,134.919998,137,134.789993,135.949997,135.733734,540200
2019-10-29,163,135.75,138.860001,135.580002,138.190002,137.970169,750000
2019-10-30,164,137.5,138.110001,136.979996,138.070007,137.850372,528400
2019-10-31,165,138.009995,138.649994,136.720001,138.229996,138.010101,750400
2019-11-01,166,139.460007,140.210007,138.149994,138.220001,138.000122,869300
2019-11-04,167,138.729996,139.190002,136.059998,136.529999,136.312805,1691100
2019-11-05,168,141,143.449997,139.119995,140.309998,140.086792,2641600
2019-11-06,169,142.399994,144.440002,141.770004,143.220001,142.992172,1460300
2019-11-07,170,142.860001,143.960007,141.130005,141.929993,141.704208,1207700
2019-11-08,171,141.490005,144.960007,141.139999,144,143.77092,1024800
2019-11-11,172,143.009995,143.429993,140.929993,143.320007,143.09201,860900
2019-11-12,173,143.610001,145.460007,143.479996,144.539993,144.310059,789100
2019-11-13,174,144.320007,144.710007,143.070007,144.369995,144.140335,590100
2019-11-14,175,144.149994,145.389999,143.669998,145.029999,144.799286,569800
2019-11-15,176,145.389999,147.240005,144.539993,146.779999,146.546509,816800
2019-11-18,177,146.669998,147.520004,144.649994,144.990005,144.759354,811700
2019-11-19,178,145.669998,146.039993,144.490005,144.539993,144.310059,855300
2019-11-20,179,144.470001,145.669998,142.020004,142.570007,142.343216,1258900
2019-11-21,180,142.149994,142.589996,141.119995,142.320007,142.093613,724900
2019-11-22,181,142.929993,143.850006,142.649994,143.820007,143.591217,527200
2019-11-25,182,144.089996,145.460007,143.710007,145.080002,144.849213,783400
2019-11-26,183,145.580002,145.800003,144.320007,144.860001,144.629562,876600
2019-11-27,184,144.649994,146.889999,144.550003,146.559998,146.326859,487400
2019-11-29,185,146.589996,146.740005,144.880005,145.279999,145.048889,351600
2019-12-02,186,145.570007,145.929993,144.080002,144.460007,144.230194,509400
2019-12-03,187,143.539993,144.389999,142.669998,143.399994,143.171875,520500
2019-12-04,188,147.789993,150.789993,146.759995,148.369995,148.133972,1513600
2019-12-05,189,147.449997,148.960007,147.25,147.619995,147.385162,867700
2019-12-06,190,148.070007,149.630005,147.779999,148.529999,148.293716,707400
2019-12-09,191,148.470001,148.809998,146.550003,146.720001,146.486603,613400
2019-12-10,192,147,147.699997,145.029999,145.229996,144.998962,875100
2019-12-11,193,145.850006,147.119995,145.25,147.009995,146.776138,691700
2019-12-12,194,146.919998,148.990005,146.259995,147.410004,147.175507,823800
2019-12-13,195,147,149.190002,146.679993,148.070007,147.834457,1039800
2019-12-16,196,149.320007,150.600006,148.419998,150,149.761383,1308200
2019-12-17,197,150.119995,150.630005,148.229996,149.860001,149.621613,732600
2019-12-18,198,149.899994,150,147.460007,148.880005,148.643173,1436900
2019-12-19,199,150.339996,150.699997,148.160004,148.800003,148.563293,965400
2019-12-20,200,149.690002,150.630005,148.279999,150.320007,150.080887,2471500
2019-12-23,201,150.789993,151.289993,149.759995,151.240005,150.99942,917700
2019-12-24,202,151.190002,151.610001,150.279999,150.869995,150.62999,245000
2019-12-26,203,150.779999,151.669998,149.300003,150.300003,150.300003,611700
2019-12-27,204,150.580002,150.630005,149.679993,150.009995,150.009995,391900
2019-12-30,205,150.149994,150.539993,148.229996,148.75,148.75,589800
2019-12-31,206,148.289993,149.710007,148.289993,149.679993,149.679993,612400
2020-01-02,207,149.979996,150.050003,147.470001,149.199997,149.199997,1052400
2020-01-03,208,147.419998,149.679993,145.960007,148.809998,148.809998,963500
2020-01-06,209,148.570007,148.830002,147.229996,147.949997,147.949997,944100
2020-01-07,210,148.550003,149.139999,146.690002,147.820007,147.820007,907300
2020-01-08,211,148.350006,149.929993,147.440002,149.589996,149.589996,908800
2020-01-09,212,150.050003,150.389999,148.309998,148.600006,148.600006,1007600
2020-01-10,213,149.630005,151.160004,148.699997,149.990005,149.990005,1159700
2020-01-13,214,149.669998,150.539993,148.929993,149.020004,149.020004,635800
2020-01-14,215,148.119995,149.139999,147.279999,148.339996,148.339996,1009500
2020-01-15,216,148.240005,149.559998,147.25,148.149994,148.149994,654700
2020-01-16,217,148.860001,149.220001,147.899994,148.770004,148.770004,664900
2020-01-17,218,148.940002,149.949997,148.580002,149.380005,149.380005,852300
2020-01-21,219,149.059998,150.169998,147.860001,149.479996,149.479996,926600
2020-01-22,220,150,151.699997,149.960007,150.979996,150.979996,851500
2020-01-23,221,150.869995,150.949997,149.149994,149.509995,149.509995,796700
2020-01-24,222,149.479996,149.479996,146.720001,147.800003,147.800003,737900
2020-01-27,223,146.050003,148.610001,145.029999,148.039993,148.039993,678700
2020-01-28,224,148.139999,149.899994,148.139999,149.199997,149.199997,829200
2020-01-29,225,149.75,152.429993,149.429993,150.75,150.75,1197400
2020-01-30,226,149.320007,151.229996,148.100006,151.179993,151.179993,720200
2020-01-31,227,150.220001,151.589996,146.779999,147.899994,147.899994,1407700
2020-02-03,228,148.779999,150.240005,148.419998,148.509995,148.509995,1905600
2020-02-04,229,152.899994,159.589996,152.440002,156.770004,156.770004,3068300
2020-02-05,230,156.820007,159.190002,155.429993,157.699997,157.699997,1364100
2020-02-06,231,158.009995,159.789993,157.160004,159.009995,159.009995,1185700
2020-02-07,232,158.279999,158.729996,156.119995,156.389999,156.389999,889300
2020-02-10,233,155.479996,158.570007,155.149994,158.220001,158.220001,1079900
2020-02-11,234,158.800003,159.639999,157.830002,159.289993,159.289993,886800
2020-02-12,235,159.199997,159.690002,158.220001,158.699997,158.699997,743700
2020-02-13,236,159,159.830002,157.389999,158.729996,158.729996,743200
2020-02-14,237,158.619995,160.429993,157.600006,160.399994,160.399994,621700
2020-02-18,238,159.949997,160.089996,157.839996,159.25,159.25,771400
2020-02-19,239,159.690002,161.110001,158.610001,160.020004,160.020004,961200
2020-02-20,240,160,160.029999,157.300003,158.389999,158.389999,950900
2020-02-21,241,158.559998,159.100006,155.979996,157.389999,157.389999,1020400
2020-02-24,242,153.580002,155.100006,153,154.330002,154.330002,1917900
2020-02-25,243,153.509995,154.570007,149.529999,149.729996,149.729996,2300000
2020-02-26,244,150.899994,152.699997,146.509995,146.559998,146.559998,1273100
2020-02-27,245,143.149994,145.710007,139.889999,139.949997,139.949997,2046400
2020-02-28,246,136.139999,137.440002,132.509995,136.149994,136.149994,2473600
2020-03-02,247,136.779999,139.279999,134.75,139.25,139.25,1712400
2020-03-03,248,138.970001,142.449997,130.410004,133.860001,133.860001,1933300
2020-03-04,249,136.479996,139.25,134.080002,138.070007,138.070007,2009000
2020-03-05,250,135.279999,135.860001,127.43,129.190002,129.190002,2104100
2020-03-06,251,125.260002,125.949997,121.75,124.099998,124.099998,280060
